NUMERIC, c_max_length, c_max_seq, c_num_certs, enc_data_size, enc_num_pkts, enc_recv_pkts, enc_recv_size, enc_sent_pkts, enc_sent_size, msg_pkts_c_0, msg_pkts_c_1, msg_pkts_c_2, msg_pkts_s_0, msg_pkts_s_1, msg_pkts_s_2, msg_size_c_0, msg_size_c_1, msg_size_c_2, msg_size_s_0, msg_size_s_1, msg_size_s_2, c_leaf_cert_num_SAN, c_leaf_cert_validity, s_leaf_cert_num_SAN, s_leaf_cert_validity, s_max_length, s_max_seq, c_num_certs, s_num_certs, s_session_ticket_lifetime, sent_recv_pkts_ratio, sent_recv_size_ratio, c_leaf_cert_pubkey_size, s_leaf_cert_pubkey_size
CATEGORICAL, c_fake_resumption, c_point_formats, c_record_version, c_version, c_leaf_cert_version, c_leaf_cert_ext_num, c_leaf_cert_subj_cn, c_leaf_cert_subj_o, c_leaf_cert_subj_ou, c_leaf_cert_subj_c, c_leaf_cert_subj_st, c_leaf_cert_subj_l, c_leaf_cert_subj_email, c_leaf_cert_iss_cn, c_leaf_cert_iss_o, c_leaf_cert_iss_ou, c_leaf_cert_iss_c, c_leaf_cert_iss_st, c_leaf_cert_iss_l, c_leaf_cert_iss_email, c_leaf_cert_sign_alg, c_leaf_cert_pubkey_hash, s_cipher, s_comp_method, s_ct_signature, s_dst_port, s_heartbleed_detected, s_leaf_cert_self_signed, s_leaf_cert_validation_status, s_record_version, s_version, s_leaf_cert_ext_num, s_leaf_cert_iss_c, s_leaf_cert_iss_cn, s_leaf_cert_iss_email, s_leaf_cert_iss_l, s_leaf_cert_iss_o, s_leaf_cert_iss_ou, s_leaf_cert_iss_st, s_leaf_cert_pubkey_hash, s_leaf_cert_sign_alg, s_leaf_cert_subj_c, s_leaf_cert_subj_cn, s_leaf_cert_subj_email, s_leaf_cert_subj_l, s_leaf_cert_subj_o, s_leaf_cert_subj_ou, s_leaf_cert_subj_st, s_leaf_cert_version, c_alpn_list, c_ciphers, c_comp_methods, c_curves, c_extensions, c_supported_versions, s_alpn_list, s_extensions
SET
PAYLOAD, c_max_length, c_max_seq, enc_data_size, enc_num_pkts, enc_recv_pkts, enc_recv_size, enc_sent_pkts, enc_sent_size, msg_pkts_c_0, msg_pkts_c_1, msg_pkts_c_2, msg_pkts_s_0, msg_pkts_s_1, msg_pkts_s_2, msg_size_c_0, msg_size_c_1, msg_size_c_2, msg_size_s_0, msg_size_s_1, msg_size_s_2, s_max_length, s_max_seq, sent_recv_pkts_ratio, sent_recv_size_ratio
CLIENT_N, c_num_certs, c_leaf_cert_num_SAN, c_leaf_cert_validity, c_leaf_cert_pubkey_size, c_leaf_cert_ext_num
CLIENT_C, c_fake_resumption, c_point_formats, c_record_version, c_version, c_leaf_cert_version, c_leaf_cert_subj_cn, c_leaf_cert_subj_o, c_leaf_cert_subj_ou, c_leaf_cert_subj_c, c_leaf_cert_subj_st, c_leaf_cert_subj_l, c_leaf_cert_subj_email, c_leaf_cert_iss_cn, c_leaf_cert_iss_o, c_leaf_cert_iss_ou, c_leaf_cert_iss_c, c_leaf_cert_iss_st, c_leaf_cert_iss_l, c_leaf_cert_iss_email, c_leaf_cert_sign_alg, c_leaf_cert_pubkey_hash, c_alpn_list, c_ciphers, c_comp_methods, c_curves, c_extensions, c_supported_versions
SERVER_N, s_session_ticket_lifetime
SERVER_C, s_cipher, s_comp_method, s_ct_signature, s_dst_port, s_heartbleed_detected, s_record_version, s_version, s_alpn_list, s_extensions
CERT_N, s_leaf_cert_num_SAN, s_leaf_cert_validity, s_num_certs, s_leaf_cert_pubkey_size, s_leaf_cert_ext_num
CERT_C, s_leaf_cert_self_signed, s_leaf_cert_validation_status, s_leaf_cert_iss_c, s_leaf_cert_iss_cn, s_leaf_cert_iss_email, s_leaf_cert_iss_l, s_leaf_cert_iss_o, s_leaf_cert_iss_ou, s_leaf_cert_iss_st, s_leaf_cert_pubkey_hash, s_leaf_cert_sign_alg, s_leaf_cert_subj_c, s_leaf_cert_subj_cn, s_leaf_cert_subj_email, s_leaf_cert_subj_l, s_leaf_cert_subj_o, s_leaf_cert_subj_ou, s_leaf_cert_subj_st, s_leaf_cert_version

