NUMERIC, c_max_length, c_max_seq, enc_data_size, enc_num_pkts, enc_recv_pkts, enc_recv_size, enc_sent_pkts, enc_sent_size, msg_pkts_c_0, msg_pkts_c_1, msg_pkts_c_2, msg_pkts_s_0, msg_pkts_s_1, msg_pkts_s_2, msg_size_c_0, msg_size_c_1, msg_size_c_2, msg_size_s_0, msg_size_s_1, msg_size_s_2, s_max_length, s_max_seq, sent_recv_pkts_ratio, sent_recv_size_ratio
CATEGORICAL
SET
PAYLOAD, c_max_length, c_max_seq, enc_data_size, enc_num_pkts, enc_recv_pkts, enc_recv_size, enc_sent_pkts, enc_sent_size, msg_pkts_c_0, msg_pkts_c_1, msg_pkts_c_2, msg_pkts_s_0, msg_pkts_s_1, msg_pkts_s_2, msg_size_c_0, msg_size_c_1, msg_size_c_2, msg_size_s_0, msg_size_s_1, msg_size_s_2, s_max_length, s_max_seq, sent_recv_pkts_ratio, sent_recv_size_ratio
CLIENT_N
CLIENT_C
SERVER_N
SERVER_C
CERT_N
CERT_C
